step,epoch,lr,train_loss,val_loss,accuracy,precision,recall,f1,auc_roc,best_so_far,minutes
200,0.123,1.3698630136986302e-05,0.3883658438920975,0.10292293850717874,0.9655172413793104,0.9641807494489346,0.9652445752114748,0.9647123690498071,0.9946387407310541,True,0.63
400,0.246,1.9528384279475984e-05,0.10057678067358211,0.0782594234875307,0.9737787356321839,0.9576663109213803,0.9900698786318499,0.9735985533453888,0.9975631842586605,True,1.0
600,0.369,1.8655021834061137e-05,0.07606930933776311,0.05946932172659656,0.9797054597701149,0.9827713968136347,0.9755424788525193,0.9791435954226652,0.9978899476416946,True,1.36
800,0.493,1.778165938864629e-05,0.06012998074060306,0.05291604809998267,0.9836566091954023,0.9901156284968295,0.9762780433983081,0.9831481481481481,0.9988109362879499,True,1.73
1000,0.616,1.6908296943231442e-05,0.053530910300905815,0.05024660024363762,0.9845545977011494,0.9750992421508481,0.9937477013607944,0.9843351548269581,0.9991678748574667,True,2.1
1200,0.739,1.6034934497816595e-05,0.048115113104577174,0.03866764756947242,0.9878771551724138,0.9905642923219241,0.9845531445384332,0.9875495711518952,0.9992178010751015,True,2.46
1400,0.862,1.5161572052401747e-05,0.037468919123057276,0.04970867701554564,0.9859913793103449,0.9947545897339828,0.9764619345347554,0.9855233853006682,0.999322074901332,False,2.83
1600,0.985,1.4288209606986901e-05,0.046727384325058664,0.05339350597263881,0.9853627873563219,0.9730941704035875,0.9976094152261861,0.9851993099064742,0.999384652106241,False,3.19
1800,1.108,1.3414847161572054e-05,0.021321053233006974,0.04291163069388733,0.9892241379310345,0.9920429311621022,0.9858403824935638,0.9889319313779745,0.9994535063953969,False,3.55
